{"mean_original": 0.6197550195835909, "mean_result": 0.424525321239607, "originals": [0.4489795918367347, 0.79, 0.67, 0.75, 0.87, 0.76, 0.7171717171717171, 0.7878787878787878, 0.69, 0.75, 0.6632653061224489, 0.55, 0.66, 0.43, 0.57, 0.71, 0.31, 0.58, 0.37, 0.5353535353535354, 0.79, 0.56, 0.46464646464646464, 0.42, 0.7, 0.59, 0.5252525252525253, 0.62, 0.67, 0.52, 0.59, 0.7070707070707071, 0.6161616161616161, 0.7346938775510204, 0.67, 0.4, 0.6666666666666666, 0.32, 0.73, 0.71, 0.78, 0.696969696969697, 0.39, 0.67, 0.75, 0.65, 0.67, 0.5353535353535354, 0.54, 0.7171717171717171, 0.5, 0.45, 0.76, 0.54, 0.73, 0.7474747474747475, 0.75, 0.673469387755102, 0.52, 0.35, 0.47, 0.6060606060606061, 0.79, 0.5, 0.78, 0.6224489795918368, 0.59, 0.63, 0.4387755102040816, 0.62, 0.51, 0.72, 0.71, 0.52, 0.65, 0.3, 0.66, 0.78, 0.42, 0.44, 0.64, 0.7, 0.6161616161616161, 0.69, 0.5408163265306123, 0.64, 0.71, 0.69, 0.56, 0.74, 0.65, 0.71, 0.75, 0.63, 0.6262626262626263, 0.73, 0.69, 0.75, 0.6262626262626263, 0.32, 0.66, 0.62, 0.59, 0.56, 0.57, 0.73, 0.6262626262626263, 0.67, 0.45454545454545453, 0.52, 0.87, 0.45, 0.52, 0.37755102040816324, 0.77, 0.62, 0.6224489795918368, 0.69, 0.48484848484848486, 0.7171717171717171, 0.6020408163265306, 0.43, 0.4897959183673469, 0.78, 0.66, 0.7777777777777778, 0.66, 0.58, 0.62, 0.63, 0.55, 0.65, 0.6868686868686869, 0.56, 0.7346938775510204, 0.74, 0.71, 0.58, 0.72, 0.4, 0.48484848484848486, 0.66, 0.75, 0.7272727272727273, 0.41, 0.52, 0.73, 0.57, 0.72, 0.69, 0.673469387755102, 0.79, 0.24, 0.6666666666666666, 0.73, 0.6, 0.69, 0.68, 0.47, 0.55, 0.73, 0.29, 0.73, 0.73, 0.5656565656565656, 0.63, 0.7171717171717171, 0.35353535353535354, 0.48, 0.71, 0.7755102040816326, 0.47, 0.77, 0.33, 0.51, 0.75, 0.52, 0.61, 0.7272727272727273, 0.6767676767676768, 0.67, 0.64, 0.6262626262626263, 0.6, 0.44, 0.31, 0.7575757575757576, 0.87, 0.75, 0.76, 0.61, 0.64, 0.58, 0.62, 0.7, 0.45918367346938777, 0.69, 0.61, 0.73, 0.78, 0.58, 0.76, 0.72, 0.73, 0.76, 0.696969696969697, 0.75, 0.494949494949495, 0.5151515151515151, 0.3, 0.72, 0.696969696969697, 0.61, 0.8, 0.43434343434343436, 0.6060606060606061, 0.52, 0.54, 0.6, 0.56, 0.63, 0.59, 0.76, 0.56, 0.74, 0.32323232323232326, 0.65, 0.494949494949495, 0.67, 0.67, 0.5, 0.6666666666666666, 0.69, 0.57, 0.6, 0.67, 0.7575757575757576, 0.43, 0.673469387755102, 0.75, 0.81, 0.63, 0.31313131313131315, 0.62, 0.7373737373737373, 0.59, 0.48, 0.69, 0.6122448979591837, 0.5, 0.7, 0.62, 0.66, 0.77, 0.696969696969697, 0.69, 0.72, 0.4897959183673469, 0.48, 0.75, 0.69, 0.64, 0.75, 0.67, 0.30612244897959184, 0.47, 0.67, 0.58, 0.6161616161616161, 0.76, 0.87, 0.61, 0.73, 0.78, 0.6666666666666666, 0.7653061224489796, 0.73, 0.74, 0.58, 0.62, 0.6262626262626263, 0.63, 0.6161616161616161, 0.65, 0.45, 0.6, 0.5, 0.7, 0.3, 0.75, 0.5555555555555556, 0.49, 0.47474747474747475, 0.62, 0.74, 0.37, 0.3939393939393939, 0.76, 0.73, 0.6161616161616161], "results": [0.15306122448979592, 0.66, 0.33, 0.53, 0.77, 0.69, 0.58, 0.43, 0.68, 0.71, 0.32323232323232326, 0.2, 0.41, 0.20202020202020202, 0.3939393939393939, 0.32653061224489793, 0.22448979591836735, 0.29591836734693877, 0.18, 0.24242424242424243, 0.43, 0.43, 0.18, 0.2, 0.31313131313131315, 0.33, 0.31, 0.44, 0.41414141414141414, 0.29, 0.42, 0.61, 0.24, 0.6060606060606061, 0.56, 0.2222222222222222, 0.45, 0.3333333333333333, 0.5656565656565656, 0.63, 0.5454545454545454, 0.42857142857142855, 0.32, 0.57, 0.6060606060606061, 0.33, 0.37, 0.34, 0.29, 0.43, 0.33, 0.16, 0.52, 0.48, 0.54, 0.5050505050505051, 0.6, 0.42, 0.29292929292929293, 0.25252525252525254, 0.21, 0.5, 0.63, 0.19387755102040816, 0.65, 0.31, 0.35, 0.57, 0.24489795918367346, 0.38, 0.35, 0.38, 0.57, 0.5, 0.43, 0.23, 0.6122448979591837, 0.69, 0.36363636363636365, 0.25, 0.38, 0.62, 0.35353535353535354, 0.32, 0.27, 0.43, 0.66, 0.37755102040816324, 0.36363636363636365, 0.5353535353535354, 0.5050505050505051, 0.7, 0.494949494949495, 0.3673469387755102, 0.21, 0.63, 0.54, 0.51, 0.51, 0.17346938775510204, 0.68, 0.49, 0.44, 0.6363636363636364, 0.3163265306122449, 0.53, 0.2653061224489796, 0.42, 0.35, 0.26262626262626265, 0.75, 0.19387755102040816, 0.2727272727272727, 0.20408163265306123, 0.39, 0.2727272727272727, 0.45454545454545453, 0.37, 0.26, 0.57, 0.35, 0.28, 0.3333333333333333, 0.67, 0.6938775510204082, 0.7272727272727273, 0.3838383838383838, 0.34, 0.62, 0.41, 0.2755102040816326, 0.6122448979591837, 0.62, 0.4444444444444444, 0.63, 0.44, 0.54, 0.42, 0.43, 0.3, 0.31313131313131315, 0.66, 0.71, 0.4, 0.17, 0.37, 0.47, 0.4897959183673469, 0.5, 0.54, 0.56, 0.6, 0.15306122448979592, 0.3877551020408163, 0.3333333333333333, 0.4, 0.44, 0.5858585858585859, 0.31, 0.42, 0.59, 0.2, 0.74, 0.5858585858585859, 0.38, 0.22, 0.696969696969697, 0.25, 0.5, 0.46, 0.7373737373737373, 0.30303030303030304, 0.7244897959183674, 0.2, 0.26, 0.4, 0.28, 0.69, 0.41, 0.33, 0.4387755102040816, 0.5102040816326531, 0.38, 0.35353535353535354, 0.38, 0.2, 0.3469387755102041, 0.7272727272727273, 0.59, 0.6868686868686869, 0.42, 0.32323232323232326, 0.26, 0.41, 0.5555555555555556, 0.3, 0.38, 0.34, 0.65, 0.47, 0.47959183673469385, 0.56, 0.56, 0.72, 0.5918367346938775, 0.3, 0.6262626262626263, 0.31313131313131315, 0.21428571428571427, 0.25510204081632654, 0.5555555555555556, 0.31313131313131315, 0.2755102040816326, 0.45454545454545453, 0.29, 0.58, 0.35, 0.3, 0.6060606060606061, 0.28, 0.33, 0.2727272727272727, 0.26, 0.49, 0.67, 0.1919191919191919, 0.35, 0.39, 0.45, 0.52, 0.19, 0.43, 0.52, 0.38, 0.5353535353535354, 0.28, 0.57, 0.2, 0.39, 0.44, 0.66, 0.6666666666666666, 0.22, 0.64, 0.48, 0.4, 0.24, 0.5353535353535354, 0.35353535353535354, 0.34, 0.37, 0.6, 0.3673469387755102, 0.45, 0.29, 0.47474747474747475, 0.49, 0.34, 0.35, 0.5252525252525253, 0.6161616161616161, 0.54, 0.6161616161616161, 0.47, 0.17346938775510204, 0.3333333333333333, 0.29, 0.42424242424242425, 0.5151515151515151, 0.51, 0.74, 0.17, 0.61, 0.5353535353535354, 0.6, 0.49, 0.43, 0.5, 0.28, 0.48484848484848486, 0.41836734693877553, 0.29, 0.32323232323232326, 0.23232323232323232, 0.27, 0.3333333333333333, 0.29292929292929293, 0.41414141414141414, 0.15306122448979592, 0.5858585858585859, 0.18, 0.31, 0.17, 0.48, 0.4387755102040816, 0.33, 0.22448979591836735, 0.49, 0.45, 0.22],