{"mean_original": 0.21073246136608456, "mean_result": 0.00532707190674652, "originals": [0.01017309632152319, 0.07971776276826859, 0.00018143418128602207, 0.013811715878546238, 0.3200870454311371, 0.0005512685747817159, 0.006546672899276018, 0.0012269251747056842, 0.37212687730789185, 0.0008172302041202784, 0.33979901671409607, 0.00241384981200099, 0.12296470999717712, 0.999138593673706, 0.00016948410484474152, 0.003581147873774171, 0.004187931306660175, 0.0006766077713109553, 0.016013436019420624, 0.002831460442394018, 0.00039088085759431124, 0.00019914229051209986, 0.0009282203973270953, 0.8447034358978271, 0.45772308111190796, 0.9995346069335938, 0.5997243523597717, 0.9980083107948303, 0.11610497534275055, 0.0076405685395002365], "results": [0.0001718803687253967, 0.0002724136575125158, 0.00017908787413034588, 0.00019265945593360811, 0.00017192806990351528, 0.0001702961599221453, 0.0008296240121126175, 0.0001955754851223901, 0.025288883596658707, 0.00017543132707942277, 0.001536342198960483, 0.0019118450582027435, 0.00020130991470068693, 0.12246856838464737, 0.00020507199224084616, 0.0007193440687842667, 0.0001758597354637459, 0.00017964269500225782, 0.00017636131087783724, 0.00017581011343281716, 0.00023198328563012183, 0.00017273273260798305, 0.00018987341900356114, 0.00021633149299304932, 0.00018814027134794742, 0.0011867898283526301, 0.00020671595120802522, 0.00017546846356708556, 0.00017157643742393702, 0.0016746098408475518], "original_crits": [0.01017309632152319, 0.07971776276826859, 0.00018143418128602207, 0.013811715878546238, 0.3200870454311371, 0.0005512685747817159, 0.006546672899276018, 0.0012269251747056842, 0.37212687730789185, 0.0008172302041202784, 0.33979901671409607, 0.00241384981200099, 0.12296470999717712, 0.999138593673706, 0.00016948410484474152, 0.003581147873774171, 0.004187931306660175, 0.0006766077713109553, 0.016013436019420624, 0.002831460442394018, 0.00039088085759431124, 0.00019914229051209986, 0.0009282203973270953, 0.8447034358978271, 0.45772308111190796, 0.9995346069335938, 0.5997243523597717, 0.9980083107948303, 0.11610497534275055, 0.0076405685395002365], "result_crits": [0.0001718803687253967, 0.0002724136575125158, 0.00017908787413034588, 0.00019265945593360811, 0.00017192806990351528, 0.0001702961599221453, 0.0008296240121126175, 0.0001955754851223901, 0.025288883596658707, 0.00017543132707942277, 0.001536342198960483, 0.0019118450582027435, 0.00020130991470068693, 0.12246856838464737, 0.00020507199224084616, 0.0007193440687842667, 0.0001758597354637459, 0.00017964269500225782, 0.00017636131087783724, 0.00017581011343281716, 0.00023198328563012183, 0.00017273273260798305, 0.00018987341900356114, 0.00021633149299304932, 0.00018814027134794742, 0.0011867898283526301, 0.00020671595120802522, 0.00017546846356708556, 0.00017157643742393702, 0.0016746098408475518]}