{"mean_original": 0.5386562289562289, "mean_result": 0.23313333333333333, "originals": [0.38, 0.42, 0.77, 0.71, 0.73, 0.81, 0.46, 0.96, 0.36, 0.82, 0.98, 0.91, 0.39, 0.3, 0.8, 0.55, 0.94, 0.54, 0.3, 0.29, 0.56, 0.49, 0.75, 0.95, 0.74, 0.67, 0.78, 0.4, 0.46, 0.25, 0.22, 0.77, 0.38, 0.68, 0.34, 0.71, 0.33, 0.8, 0.5, 0.55, 0.38, 0.66, 0.42, 0.61, 0.27, 0.46, 0.23, 0.62, 0.59, 0.98, 0.43, 0.7, 0.59, 0.42, 0.71, 0.76, 0.51, 0.52, 0.5, 0.45, 0.54, 0.57, 0.56, 0.58, 0.33, 0.42, 0.71, 0.69, 0.76, 0.32, 0.28, 0.78, 0.46, 0.64, 0.44, 0.41, 0.29, 0.36, 0.3, 0.37, 0.95, 0.84, 0.36, 0.28, 0.31, 0.51, 0.42, 0.63, 0.41, 0.38, 0.59, 0.61, 0.49, 0.28, 0.8, 0.55, 0.58, 0.79, 0.59, 0.59, 0.49, 0.45, 0.26, 0.27, 0.51, 0.57, 0.55, 0.23, 0.55, 0.42, 0.25, 0.39, 0.47, 0.45, 0.56, 0.29, 0.47, 0.48, 0.69, 0.93, 0.43, 0.87, 0.6, 0.19, 0.78, 0.48, 0.3, 0.54, 0.37, 0.69, 0.33, 0.46, 0.59, 0.56, 0.67, 0.65, 0.42, 0.42, 0.43, 0.28, 0.43, 0.48, 0.62, 0.81, 0.65, 0.48, 0.69, 0.29, 0.47, 0.35, 0.69, 0.45, 0.34, 0.7, 0.47, 0.73, 0.49, 0.25, 0.49, 0.58, 0.29, 0.77, 0.35, 0.36, 0.71, 0.7, 0.53, 0.78, 0.61, 0.49, 0.72, 0.63, 0.38, 0.36, 0.34, 0.52, 0.7, 0.62, 0.39, 0.6, 0.58, 0.63, 0.46, 0.89, 0.35, 0.27, 0.41, 0.38, 0.51, 0.83, 0.35, 0.5, 0.6, 0.53, 0.54, 0.24, 0.6868686868686869, 0.38, 0.61, 0.62, 0.53, 0.61, 0.55, 0.73, 0.46, 0.53, 0.58, 0.56, 0.79, 0.72, 0.6, 0.3, 0.79, 0.4, 0.3, 0.61, 0.46, 0.42, 0.55, 0.56, 0.41, 0.73, 0.33, 0.43, 0.63, 0.89, 0.71, 0.8, 0.59, 0.93, 0.35, 0.46, 0.54, 0.68, 0.31, 0.7, 0.48, 0.59, 0.33, 0.27, 0.49, 0.96, 0.87, 0.94, 0.71, 0.93, 0.41, 0.5, 0.52, 0.53, 0.46, 0.37, 0.31, 0.53, 0.39, 0.94, 0.67, 0.44, 0.3, 0.2, 0.58, 0.7, 0.47, 0.41, 0.26, 0.53, 0.54, 0.29, 0.35, 0.59, 0.77, 0.37, 0.7, 0.61, 0.31, 0.69, 0.33, 0.97, 0.89, 0.35, 0.52, 0.77, 0.66, 0.35, 0.46, 0.94, 0.41, 0.29, 0.5, 0.97, 0.69, 0.67, 0.43, 0.29, 0.56, 0.36, 0.66, 0.34, 0.4, 0.59], "results": [0.18, 0.18, 0.33, 0.32, 0.22, 0.22, 0.3, 0.16, 0.2, 0.27, 0.25, 0.25, 0.26, 0.18, 0.25, 0.21, 0.29, 0.19, 0.21, 0.18, 0.21, 0.16, 0.15, 0.2, 0.28, 0.25, 0.16, 0.21, 0.23, 0.23, 0.18, 0.35, 0.23, 0.25, 0.18, 0.26, 0.18, 0.19, 0.31, 0.19, 0.21, 0.23, 0.13, 0.15, 0.21, 0.18, 0.18, 0.24, 0.23, 0.26, 0.24, 0.18, 0.23, 0.18, 0.21, 0.2, 0.62, 0.23, 0.18, 0.23, 0.18, 0.19, 0.24, 0.22, 0.18, 0.18, 0.21, 0.21, 0.21, 0.21, 0.21, 0.19, 0.26, 0.21, 0.18, 0.21, 0.18, 0.24, 0.21, 0.13, 0.37, 0.19, 0.18, 0.23, 0.18, 0.21, 0.18, 0.32, 0.18, 0.21, 0.18, 0.31, 0.21, 0.18, 0.36, 0.19, 0.26, 0.19, 0.21, 0.23, 0.18, 0.2, 0.18, 0.24, 0.18, 0.23, 0.46, 0.21, 0.37, 0.18, 0.18, 0.22, 0.32, 0.18, 0.21, 0.31, 0.24, 0.21, 0.2, 0.21, 0.23, 0.21, 0.14, 0.25, 0.33, 0.2, 0.18, 0.18, 0.2, 0.21, 0.18, 0.18, 0.2, 0.18, 0.23, 0.22, 0.18, 0.41, 0.24, 0.18, 0.2, 0.18, 0.22, 0.31, 0.18, 0.21, 0.37, 0.18, 0.29, 0.18, 0.19, 0.24, 0.21, 0.36, 0.26, 0.24, 0.18, 0.18, 0.18, 0.24, 0.21, 0.21, 0.2, 0.18, 0.21, 0.37, 0.19, 0.3, 0.41, 0.19, 0.18, 0.33, 0.18, 0.21, 0.24, 0.24, 0.21, 0.27, 0.21, 0.23, 0.24, 0.29, 0.35, 0.21, 0.21, 0.24, 0.25, 0.21, 0.22, 0.32, 0.31, 0.18, 0.26, 0.13, 0.21, 0.18, 0.15, 0.21, 0.18, 0.23, 0.18, 0.22, 0.37, 0.48, 0.31, 0.3, 0.25, 0.2, 0.19, 0.24, 0.2, 0.21, 0.48, 0.26, 0.19, 0.31, 0.26, 0.28, 0.26, 0.23, 0.3, 0.2, 0.21, 0.24, 0.19, 0.22, 0.28, 0.29, 0.29, 0.2, 0.21, 0.24, 0.18, 0.21, 0.22, 0.47, 0.18, 0.33, 0.21, 0.21, 0.19, 0.42, 0.32, 0.49, 0.2, 0.29, 0.24, 0.2, 0.24, 0.18, 0.21, 0.23, 0.18, 0.28, 0.18, 0.47, 0.34, 0.23, 0.18, 0.18, 0.21, 0.18, 0.21, 0.18, 0.21, 0.2, 0.2, 0.21, 0.2, 0.14, 0.21, 0.23, 0.22, 0.24, 0.21, 0.31, 0.18, 0.27, 0.34, 0.16, 0.24, 0.31, 0.33, 0.18, 0.18, 0.3, 0.38, 0.23, 0.23, 0.26, 0.32, 0.25, 0.25, 0.18, 0.21, 0.16, 0.24, 0.24, 0.2, 0.21], "original_crits": [0.2066335827112198, 0.1928529143333435, 2.017298936843872, 1.1307709217071533, 1.3557478189468384, 1.7098182439804077, 0.6227838397026062, 1.8066939115524292, -0.04840495064854622, 1.6904470920562744, 2.398423194885254, 3.0245110988616943, 0.21899040043354034, -0.5451194643974304, 1.3849103450775146, 0.3565116822719574, 1.857190728187561, 0.9702007174491882, -0.24741823971271515, -1.1446993350982666, 1.292708158493042, 0.6442667245864868, 1.1889054775238037, 1.8257791996002197, 1.4267715215682983, 1.1526187658309937, 1.9784071445465088, 0.25448811054229736, -0.20060761272907257, -0.9932040572166443, -1.0997782945632935, 1.4158631563186646, 0.20295414328575134, 1.1386711597442627, -0.7512684464454651, 1.177547812461853, -0.3234548270702362, 1.3932368755340576, 1.0150177478790283, 0.9650164246559143, -0.22328129410743713, 1.1584519147872925, 0.4890136122703552, 1.0996677875518799, -0.4444817006587982, 0.590980052947998, -2.1145849227905273, 0.8835659623146057, 1.060282588005066, 2.508744239807129, -0.02253086306154728, 1.4945499897003174, 1.2814217805862427, 0.05352029949426651, 1.5562413930892944, 1.5702322721481323, 0.44543296098709106, 0.6690192222595215, 0.735675036907196, -0.19558067619800568, 0.39595624804496765, 0.3497098386287689, 1.2932124137878418, 1.0592625141143799, -0.5115323066711426, 0.48859351873397827, 1.4963244199752808, 1.341935634613037, 1.3650819063186646, -0.931365430355072, -0.8260805010795593, 1.3702723979949951, 0.5948088765144348, 1.086416482925415, 0.3044719099998474, 0.017300136387348175, -0.23974111676216125, -0.051296960562467575, -0.6128379702568054, 0.2800410985946655, 2.591042995452881, 1.6071990728378296, -0.2853090763092041, -0.416734516620636, -0.8734501600265503, 0.5165126919746399, -0.1305730938911438, 0.916334331035614, 0.015105756931006908, 0.2842814028263092, 0.7945059537887573, 1.2663719654083252, 0.531062662601471, -0.7168540358543396, 1.3764981031417847, 0.32844412326812744, 1.0409661531448364, 1.3747349977493286, 0.9211270213127136, 0.7971714735031128, 0.6535851359367371, 0.6153523325920105, -0.9499551057815552, -0.7032466530799866, 0.4481044113636017, 1.284235954284668, 0.35403043031692505, -1.561078667640686, 1.0341960191726685, -0.02063104882836342, -1.5114099979400635, -0.03254241496324539, 0.5523141622543335, 0.5785953402519226, 0.4393036961555481, -0.6167562007904053, 0.46582821011543274, 0.3768962621688843, 1.1396052837371826, 1.7631772756576538, -0.017320722341537476, 2.0851428508758545, 0.817523717880249, -1.3858816623687744, 1.9576866626739502, 0.30767667293548584, -0.7256923913955688, 0.39584922790527344, -0.2892439365386963, 1.1446064710617065, -0.47386258840560913, 0.15929801762104034, 0.8436363339424133, 0.4143587648868561, 1.2285550832748413, 1.0885424613952637, -0.14070390164852142, 0.4867859482765198, 0.48918721079826355, -0.4567659795284271, 0.18875616788864136, 0.6099255084991455, 0.42904141545295715, 1.7133815288543701, 1.2371304035186768, 0.6408334374427795, 1.1220413446426392, -1.185118317604065, 0.3083052933216095, -0.0761183649301529, 1.1396942138671875, 0.6189274787902832, -0.3339230418205261, 1.504849910736084, 0.5507859587669373, 1.5312360525131226, 0.5461140275001526, -0.43617501854896545, 0.5393597483634949, 0.8040897250175476, -0.39674532413482666, 1.573065996170044, -0.09536907821893692, -0.2198198437690735, 1.4932724237442017, 1.216822862625122, 0.3990803062915802, 1.9555797576904297, 1.1031266450881958, 0.7112088203430176, 1.3551453351974487, 1.3158355951309204, -0.29396581649780273, 0.2073982208967209, -0.3502281606197357, 0.686664342880249, 1.467821717262268, 0.43036651611328125, -0.30162763595581055, 0.8817259669303894, 0.8508496284484863, 1.084609866142273, -0.1605108678340912, 1.7383760213851929, -0.09094931185245514, -1.138240098953247, 0.006908867973834276, 0.21981848776340485, 0.6904476881027222, 1.9200150966644287, -0.38355591893196106, 0.362223356962204, 0.875779390335083, 0.9893359541893005, 0.667169988155365, -1.5316252708435059, 1.3400980234146118, -0.2805323004722595, 1.2673113346099854, 0.4217662811279297, 0.3238272964954376, 0.4211457371711731, 1.0338724851608276, 1.1842597723007202, 0.03850507736206055, 0.6677159070968628, 0.43766355514526367, 1.041866660118103, 1.3976426124572754, 1.543099045753479, 1.2692146301269531, -0.5745081305503845, 