{"mean_original": 0.36946515696666515, "mean_result": 0.15144696115263892, "originals": [0.9946562051773071, 0.03277480974793434, 0.8975295424461365, 0.10374601185321808, 0.14794912934303284, 0.0024838759563863277, 0.9114724397659302, 0.0016617783112451434, 0.8338330984115601, 0.9986987113952637, 0.9348651170730591, 0.987851619720459, 0.01277129165828228, 0.6835592985153198, 0.005342571996152401, 0.9534947872161865, 0.5724464654922485, 0.005015207454562187, 0.010650577023625374, 0.5462505221366882, 0.38072583079338074, 0.010932891629636288, 0.07296672463417053, 0.03223744407296181, 0.0008631162345409393, 0.7269514203071594, 0.004081811755895615, 0.021721038967370987, 0.11212338507175446, 0.08429798483848572], "results": [0.9342260360717773, 0.0003346111043356359, 0.0004912681179121137, 0.16996359825134277, 0.03206738084554672, 0.0009823654545471072, 0.9867755770683289, 0.0002484462456777692, 0.04295217990875244, 0.4547837972640991, 0.6186093688011169, 0.002922570100054145, 0.007378900423645973, 0.05005549266934395, 0.00048503861762583256, 0.02357972227036953, 0.11571387946605682, 0.0058854385279119015, 0.010650577023625374, 0.15210287272930145, 0.12161318957805634, 0.014232905581593513, 0.03233535960316658, 0.016838565468788147, 0.0003329024475533515, 0.6425842642784119, 0.0010785070480778813, 0.0029896048363298178, 0.09569048136472702, 0.005503933411091566], "original_crits": [0.9946562051773071, 0.03277480974793434, 0.8975295424461365, 0.10374601185321808, 0.14794912934303284, 0.0024838759563863277, 0.9114724397659302, 0.0016617783112451434, 0.8338330984115601, 0.9986987113952637, 0.9348651170730591, 0.987851619720459, 0.01277129165828228, 0.6835592985153198, 0.005342571996152401, 0.9534947872161865, 0.5724464654922485, 0.005015207454562187, 0.010650577023625374, 0.5462505221366882, 0.38072583079338074, 0.010932891629636288, 0.07296672463417053, 0.03223744407296181, 0.0008631162345409393, 0.7269514203071594, 0.004081811755895615, 0.021721038967370987, 0.11212338507175446, 0.08429798483848572], "result_crits": [0.9342260360717773, 0.0003346111043356359, 0.0004912681179121137, 0.16996359825134277, 0.03206738084554672, 0.0009823654545471072, 0.9867755770683289, 0.0002484462456777692, 0.04295217990875244, 0.4547837972640991, 0.6186093688011169, 0.002922570100054145, 0.007378900423645973, 0.05005549266934395, 0.00048503861762583256, 0.02357972227036953, 0.11571387946605682, 0.0058854385279119015, 0.010650577023625374, 0.15210287272930145, 0.12161318957805634, 0.014232905581593513, 0.03233535960316658, 0.016838565468788147, 0.0003329024475533515, 0.6425842642784119, 0.0010785070480778813, 0.0029896048363298178, 0.09569048136472702, 0.005503933411091566]}