{"mean_original": 0.3426032939266103, "mean_result": 0.0621281120358617, "originals": [0.0005733976722694933, 0.040816862136125565, 0.0003135821025352925, 0.9997020363807678, 0.9297720789909363, 0.06315746903419495, 0.996648371219635, 0.010998544283211231, 0.00042288482654839754, 0.004949937108904123, 0.33979901671409607, 0.006244306918233633, 0.15146751701831818, 0.9992040991783142, 0.00016945615061558783, 0.003826988162472844, 0.00515919690951705, 0.0002705095976125449, 0.9150372743606567, 0.2346240133047104, 0.0007157779182307422, 0.00016797837452031672, 0.08907215297222137, 0.35373353958129883, 0.3714390993118286, 0.9995346069335938, 0.6835341453552246, 0.9912545084953308, 0.9961196184158325, 0.08936984837055206], "results": [0.00018217631441075355, 0.00033120476291514933, 0.0002461131662130356, 0.19670844078063965, 0.00021518523863051087, 0.0002725422673393041, 0.8593504428863525, 0.00021676796313840896, 0.00029687557253055274, 0.0001775186974555254, 0.12337875366210938, 0.0014198870630934834, 0.0005579034332185984, 0.236144557595253, 0.0001923441159306094, 0.07050745189189911, 0.00025191972963511944, 0.0001718123530736193, 0.0001774589327396825, 0.00027126786881126463, 0.0027925532776862383, 0.00016797837452031672, 0.16359062492847443, 0.011059563606977463, 0.1598912626504898, 0.015772772952914238, 0.0003208936541341245, 0.00025551579892635345, 0.00017879971710499376, 0.018742771819233894], "original_crits": [0.0005733976722694933, 0.040816862136125565, 0.0003135821025352925, 0.9997020363807678, 0.9297720789909363, 0.06315746903419495, 0.996648371219635, 0.010998544283211231, 0.00042288482654839754, 0.004949937108904123, 0.33979901671409607, 0.006244306918233633, 0.15146751701831818, 0.9992040991783142, 0.00016945615061558783, 0.003826988162472844, 0.00515919690951705, 0.0002705095976125449, 0.9150372743606567, 0.2346240133047104, 0.0007157779182307422, 0.00016797837452031672, 0.08907215297222137, 0.35373353958129883, 0.3714390993118286, 0.9995346069335938, 0.6835341453552246, 0.9912545084953308, 0.9961196184158325, 0.08936984837055206], "result_crits": [0.00018217631441075355, 0.00033120476291514933, 0.0002461131662130356, 0.19670844078063965, 0.00021518523863051087, 0.0002725422673393041, 0.8593504428863525, 0.00021676796313840896, 0.00029687557253055274, 0.0001775186974555254, 0.12337875366210938, 0.0014198870630934834, 0.0005579034332185984, 0.236144557595253, 0.0001923441159306094, 0.07050745189189911, 0.00025191972963511944, 0.0001718123530736193, 0.0001774589327396825, 0.00027126786881126463, 0.0027925532776862383, 0.00016797837452031672, 0.16359062492847443, 0.011059563606977463, 0.1598912626504898, 0.015772772952914238, 0.0003208936541341245, 0.00025551579892635345, 0.00017879971710499376, 0.018742771819233894]}