{"mean_original": 0.21073246136608456, "mean_result": 0.03644554470132182, "originals": [0.01017309632152319, 0.07971776276826859, 0.00018143418128602207, 0.013811715878546238, 0.3200870454311371, 0.0005512685747817159, 0.006546672899276018, 0.0012269251747056842, 0.37212687730789185, 0.0008172302041202784, 0.33979901671409607, 0.00241384981200099, 0.12296470999717712, 0.999138593673706, 0.00016948410484474152, 0.003581147873774171, 0.004187931306660175, 0.0006766077713109553, 0.016013436019420624, 0.002831460442394018, 0.00039088085759431124, 0.00019914229051209986, 0.0009282203973270953, 0.8447034358978271, 0.45772308111190796, 0.9995346069335938, 0.5997243523597717, 0.9980083107948303, 0.11610497534275055, 0.0076405685395002365], "results": [0.00021201993513386697, 0.0005665270728059113, 0.00017407645646017045, 0.0017333291471004486, 0.00017009981092996895, 0.00016911620332393795, 0.00021228777768556029, 0.00028770891367457807, 0.00030674802837893367, 0.00017276582366321236, 0.00020639806461986154, 0.00021228170953691006, 0.0004709853383246809, 0.022456012666225433, 0.00020507199224084616, 0.008923954330384731, 0.00017193445819430053, 0.00017547683091834188, 0.00025216073845513165, 0.0001818664895836264, 0.00024091743398457766, 0.0001758941070875153, 0.0001771482202457264, 0.0001785853528417647, 0.00042493545333854854, 0.9914196729660034, 0.06273631006479263, 0.00022526895918417722, 0.00019093201262876391, 0.0003358546819072217], "original_crits": [0.01017309632152319, 0.07971776276826859, 0.00018143418128602207, 0.013811715878546238, 0.3200870454311371, 0.0005512685747817159, 0.006546672899276018, 0.0012269251747056842, 0.37212687730789185, 0.0008172302041202784, 0.33979901671409607, 0.00241384981200099, 0.12296470999717712, 0.999138593673706, 0.00016948410484474152, 0.003581147873774171, 0.004187931306660175, 0.0006766077713109553, 0.016013436019420624, 0.002831460442394018, 0.00039088085759431124, 0.00019914229051209986, 0.0009282203973270953, 0.8447034358978271, 0.45772308111190796, 0.9995346069335938, 0.5997243523597717, 0.9980083107948303, 0.11610497534275055, 0.0076405685395002365], "result_crits": [0.00021201993513386697, 0.0005665270728059113, 0.00017407645646017045, 0.0017333291471004486, 0.00017009981092996895, 0.00016911620332393795, 0.00021228777768556029, 0.00028770891367457807, 0.00030674802837893367, 0.00017276582366321236, 0.00020639806461986154, 0.00021228170953691006, 0.0004709853383246809, 0.022456012666225433, 0.00020507199224084616, 0.008923954330384731, 0.00017193445819430053, 0.00017547683091834188, 0.00025216073845513165, 0.0001818664895836264, 0.00024091743398457766, 0.0001758941070875153, 0.0001771482202457264, 0.0001785853528417647, 0.00042493545333854854, 0.9914196729660034, 0.06273631006479263, 0.00022526895918417722, 0.00019093201262876391, 0.0003358546819072217]}