{"mean_original": 0.32892726775559517, "mean_result": 0.039753243201509275, "originals": [0.006042703054845333, 0.004851713310927153, 0.9998210072517395, 0.18736574053764343, 0.061821356415748596, 0.00031455044518224895, 0.9991124272346497, 0.0004269779019523412, 0.9997594952583313, 0.9311298131942749, 0.9996570348739624, 0.9998210072517395, 0.0025241661351174116, 0.8688435554504395, 0.000169832055689767, 0.9997298121452332, 0.0004986727726645768, 0.00020335910085123032, 0.013934623450040817, 0.00032272961107082665, 0.0002881967811845243, 0.0002090079797198996, 0.5257362723350525, 0.39768126606941223, 0.0001814992428990081, 0.8310683965682983, 0.00017520948313176632, 0.022981368005275726, 0.012157038785517216, 0.000989199965260923], "results": [0.0001707703195279464, 0.00017412196029908955, 0.0002457909577060491, 0.023187726736068726, 0.00017936184303835034, 0.0001769204973243177, 0.0009767231531441212, 0.00017261649190913886, 0.0002471258630976081, 0.00017586124886292964, 0.0002191279927501455, 0.00018220774654764682, 0.0002481113187968731, 0.0003178674087394029, 0.0001684886374277994, 0.7259741425514221, 0.00016823723854031414, 0.00018477681442163885, 0.0005890686879865825, 0.00016942707588896155, 0.0001717527338769287, 0.00016936069005168974, 0.001523941638879478, 0.034585826098918915, 0.0001788004010450095, 0.40104109048843384, 0.00016802498430479318, 0.00020144930749665946, 0.00043822117731906474, 0.00019035398145206273], "original_crits": [0.006042703054845333, 0.004851713310927153, 0.9998210072517395, 0.18736574053764343, 0.061821356415748596, 0.00031455044518224895, 0.9991124272346497, 0.0004269779019523412, 0.9997594952583313, 0.9311298131942749, 0.9996570348739624, 0.9998210072517395, 0.0025241661351174116, 0.8688435554504395, 0.000169832055689767, 0.9997298121452332, 0.0004986727726645768, 0.00020335910085123032, 0.013934623450040817, 0.00032272961107082665, 0.0002881967811845243, 0.0002090079797198996, 0.5257362723350525, 0.39768126606941223, 0.0001814992428990081, 0.8310683965682983, 0.00017520948313176632, 0.022981368005275726, 0.012157038785517216, 0.000989199965260923], "result_crits": [0.0001707703195279464, 0.00017412196029908955, 0.0002457909577060491, 0.023187726736068726, 0.00017936184303835034, 0.0001769204973243177, 0.0009767231531441212, 0.00017261649190913886, 0.0002471258630976081, 0.00017586124886292964, 0.0002191279927501455, 0.00018220774654764682, 0.0002481113187968731, 0.0003178674087394029, 0.0001684886374277994, 0.7259741425514221, 0.00016823723854031414, 0.00018477681442163885, 0.0005890686879865825, 0.00016942707588896155, 0.0001717527338769287, 0.00016936069005168974, 0.001523941638879478, 0.034585826098918915, 0.0001788004010450095, 0.40104109048843384, 0.00016802498430479318, 0.00020144930749665946, 0.00043822117731906474, 0.00019035398145206273]}