{"mean_original": 0.32892726775559517, "mean_result": 0.004547413253749255, "originals": [0.006042703054845333, 0.004851713310927153, 0.9998210072517395, 0.18736574053764343, 0.061821356415748596, 0.00031455044518224895, 0.9991124272346497, 0.0004269779019523412, 0.9997594952583313, 0.9311298131942749, 0.9996570348739624, 0.9998210072517395, 0.0025241661351174116, 0.8688435554504395, 0.000169832055689767, 0.9997298121452332, 0.0004986727726645768, 0.00020335910085123032, 0.013934623450040817, 0.00032272961107082665, 0.0002881967811845243, 0.0002090079797198996, 0.5257362723350525, 0.39768126606941223, 0.0001814992428990081, 0.8310683965682983, 0.00017520948313176632, 0.022981368005275726, 0.012157038785517216, 0.000989199965260923], "results": [0.00017900524835567921, 0.00020639688591472805, 0.0005574648967012763, 0.016955828294157982, 0.0002355428587179631, 0.0007826534565538168, 0.00017456778732594103, 0.00018111839017365128, 0.007169228047132492, 0.00017393112648278475, 0.00023924303241074085, 0.00023453307221643627, 0.00020563590805977583, 0.056833360344171524, 0.00016942272486630827, 0.0006256781052798033, 0.0001693123922450468, 0.00016847356164362282, 0.006159547716379166, 0.0001684639137238264, 0.00018250594439450651, 0.00017114949878305197, 0.00071142049273476, 0.0010753092356026173, 0.00016848686209414154, 0.03895275294780731, 0.00016761997540015727, 0.0005777219193987548, 0.0026431658770889044, 0.00018285709666088223], "original_crits": [0.006042703054845333, 0.004851713310927153, 0.9998210072517395, 0.18736574053764343, 0.061821356415748596, 0.00031455044518224895, 0.9991124272346497, 0.0004269779019523412, 0.9997594952583313, 0.9311298131942749, 0.9996570348739624, 0.9998210072517395, 0.0025241661351174116, 0.8688435554504395, 0.000169832055689767, 0.9997298121452332, 0.0004986727726645768, 0.00020335910085123032, 0.013934623450040817, 0.00032272961107082665, 0.0002881967811845243, 0.0002090079797198996, 0.5257362723350525, 0.39768126606941223, 0.0001814992428990081, 0.8310683965682983, 0.00017520948313176632, 0.022981368005275726, 0.012157038785517216, 0.000989199965260923], "result_crits": [0.00017900524835567921, 0.00020639688591472805, 0.0005574648967012763, 0.016955828294157982, 0.0002355428587179631, 0.0007826534565538168, 0.00017456778732594103, 0.00018111839017365128, 0.007169228047132492, 0.00017393112648278475, 0.00023924303241074085, 0.00023453307221643627, 0.00020563590805977583, 0.056833360344171524, 0.00016942272486630827, 0.0006256781052798033, 0.0001693123922450468, 0.00016847356164362282, 0.006159547716379166, 0.0001684639137238264, 0.00018250594439450651, 0.00017114949878305197, 0.00071142049273476, 0.0010753092356026173, 0.00016848686209414154, 0.03895275294780731, 0.00016761997540015727, 0.0005777219193987548, 0.0026431658770889044, 0.00018285709666088223]}