{"mean_original": 0.20472271033213474, "mean_result": 0.0014091135017224588, "originals": [0.01017309632152319, 0.04499802738428116, 0.00016958705964498222, 0.06628724187612534, 0.4101576805114746, 0.0005512685747817159, 0.011626542545855045, 0.0012269251747056842, 0.0022428487427532673, 0.0008172302041202784, 0.33979901671409607, 0.00241384981200099, 0.12296470999717712, 0.999138593673706, 0.00016948410484474152, 0.003581147873774171, 0.004187931306660175, 0.0006766077713109553, 0.03904210031032562, 0.03875413164496422, 0.00039088085759431124, 0.00018657608598005027, 0.0009282203973270953, 0.8447034358978271, 0.45772308111190796, 0.9995346069335938, 0.5997243523597717, 0.9863972067832947, 0.1454743593931198, 0.0076405685395002365], "results": [0.0001751867530401796, 0.0002787688572425395, 0.00016942754155024886, 0.0002202744799433276, 0.00017221157031599432, 0.00017856579506769776, 0.0007780177984386683, 0.00017631390073802322, 0.00020019759540446103, 0.00024952259263955057, 0.001547674648463726, 0.0011031837202608585, 0.00018585077486932278, 0.027690067887306213, 0.00017524074064567685, 0.004790172912180424, 0.00017179091810248792, 0.00020143720030318946, 0.00017507237498648465, 0.00019476913439575583, 0.0001790414535207674, 0.00017502682749181986, 0.00018158977036364377, 0.00018322798132430762, 0.00019032783166039735, 0.0016521982615813613, 0.00016869523096829653, 0.00018219626508653164, 0.00018166615336667746, 0.00034568808041512966], "original_crits": [0.01017309632152319, 0.04499802738428116, 0.00016958705964498222, 0.06628724187612534, 0.4101576805114746, 0.0005512685747817159, 0.011626542545855045, 0.0012269251747056842, 0.0022428487427532673, 0.0008172302041202784, 0.33979901671409607, 0.00241384981200099, 0.12296470999717712, 0.999138593673706, 0.00016948410484474152, 0.003581147873774171, 0.004187931306660175, 0.0006766077713109553, 0.03904210031032562, 0.03875413164496422, 0.00039088085759431124, 0.00018657608598005027, 0.0009282203973270953, 0.8447034358978271, 0.45772308111190796, 0.9995346069335938, 0.5997243523597717, 0.9863972067832947, 0.1454743593931198, 0.0076405685395002365], "result_crits": [0.0001751867530401796, 0.0002787688572425395, 0.00016942754155024886, 0.0002202744799433276, 0.00017221157031599432, 0.00017856579506769776, 0.0007780177984386683, 0.00017631390073802322, 0.00020019759540446103, 0.00024952259263955057, 0.001547674648463726, 0.0011031837202608585, 0.00018585077486932278, 0.027690067887306213, 0.00017524074064567685, 0.004790172912180424, 0.00017179091810248792, 0.00020143720030318946, 0.00017507237498648465, 0.00019476913439575583, 0.0001790414535207674, 0.00017502682749181986, 0.00018158977036364377, 0.00018322798132430762, 0.00019032783166039735, 0.0016521982615813613, 0.00016869523096829653, 0.00018219626508653164, 0.00018166615336667746, 0.00034568808041512966]}