{"mean_original": 0.6197550195835909, "mean_result": 0.4792468975468976, "originals": [0.4489795918367347, 0.79, 0.67, 0.75, 0.87, 0.76, 0.7171717171717171, 0.7878787878787878, 0.69, 0.75, 0.6632653061224489, 0.55, 0.66, 0.43, 0.57, 0.71, 0.31, 0.58, 0.37, 0.5353535353535354, 0.79, 0.56, 0.46464646464646464, 0.42, 0.7, 0.59, 0.5252525252525253, 0.62, 0.67, 0.52, 0.59, 0.7070707070707071, 0.6161616161616161, 0.7346938775510204, 0.67, 0.4, 0.6666666666666666, 0.32, 0.73, 0.71, 0.78, 0.696969696969697, 0.39, 0.67, 0.75, 0.65, 0.67, 0.5353535353535354, 0.54, 0.7171717171717171, 0.5, 0.45, 0.76, 0.54, 0.73, 0.7474747474747475, 0.75, 0.673469387755102, 0.52, 0.35, 0.47, 0.6060606060606061, 0.79, 0.5, 0.78, 0.6224489795918368, 0.59, 0.63, 0.4387755102040816, 0.62, 0.51, 0.72, 0.71, 0.52, 0.65, 0.3, 0.66, 0.78, 0.42, 0.44, 0.64, 0.7, 0.6161616161616161, 0.69, 0.5408163265306123, 0.64, 0.71, 0.69, 0.56, 0.74, 0.65, 0.71, 0.75, 0.63, 0.6262626262626263, 0.73, 0.69, 0.75, 0.6262626262626263, 0.32, 0.66, 0.62, 0.59, 0.56, 0.57, 0.73, 0.6262626262626263, 0.67, 0.45454545454545453, 0.52, 0.87, 0.45, 0.52, 0.37755102040816324, 0.77, 0.62, 0.6224489795918368, 0.69, 0.48484848484848486, 0.7171717171717171, 0.6020408163265306, 0.43, 0.4897959183673469, 0.78, 0.66, 0.7777777777777778, 0.66, 0.58, 0.62, 0.63, 0.55, 0.65, 0.6868686868686869, 0.56, 0.7346938775510204, 0.74, 0.71, 0.58, 0.72, 0.4, 0.48484848484848486, 0.66, 0.75, 0.7272727272727273, 0.41, 0.52, 0.73, 0.57, 0.72, 0.69, 0.673469387755102, 0.79, 0.24, 0.6666666666666666, 0.73, 0.6, 0.69, 0.68, 0.47, 0.55, 0.73, 0.29, 0.73, 0.73, 0.5656565656565656, 0.63, 0.7171717171717171, 0.35353535353535354, 0.48, 0.71, 0.7755102040816326, 0.47, 0.77, 0.33, 0.51, 0.75, 0.52, 0.61, 0.7272727272727273, 0.6767676767676768, 0.67, 0.64, 0.6262626262626263, 0.6, 0.44, 0.31, 0.7575757575757576, 0.87, 0.75, 0.76, 0.61, 0.64, 0.58, 0.62, 0.7, 0.45918367346938777, 0.69, 0.61, 0.73, 0.78, 0.58, 0.76, 0.72, 0.73, 0.76, 0.696969696969697, 0.75, 0.494949494949495, 0.5151515151515151, 0.3, 0.72, 0.696969696969697, 0.61, 0.8, 0.43434343434343436, 0.6060606060606061, 0.52, 0.54, 0.6, 0.56, 0.63, 0.59, 0.76, 0.56, 0.74, 0.32323232323232326, 0.65, 0.494949494949495, 0.67, 0.67, 0.5, 0.6666666666666666, 0.69, 0.57, 0.6, 0.67, 0.7575757575757576, 0.43, 0.673469387755102, 0.75, 0.81, 0.63, 0.31313131313131315, 0.62, 0.7373737373737373, 0.59, 0.48, 0.69, 0.6122448979591837, 0.5, 0.7, 0.62, 0.66, 0.77, 0.696969696969697, 0.69, 0.72, 0.4897959183673469, 0.48, 0.75, 0.69, 0.64, 0.75, 0.67, 0.30612244897959184, 0.47, 0.67, 0.58, 0.6161616161616161, 0.76, 0.87, 0.61, 0.73, 0.78, 0.6666666666666666, 0.7653061224489796, 0.73, 0.74, 0.58, 0.62, 0.6262626262626263, 0.63, 0.6161616161616161, 0.65, 0.45, 0.6, 0.5, 0.7, 0.3, 0.75, 0.5555555555555556, 0.49, 0.47474747474747475, 0.62, 0.74, 0.37, 0.3939393939393939, 0.76, 0.73, 0.6161616161616161], "results": [0.2, 0.58, 0.32, 0.6, 0.77, 0.64, 0.69, 0.6666666666666666, 0.3877551020408163, 0.75, 0.35353535353535354, 0.35, 0.43, 0.23, 0.58, 0.45, 0.30303030303030304, 0.58, 0.29292929292929293, 0.19387755102040816, 0.65, 0.41, 0.34, 0.23, 0.5353535353535354, 0.28, 0.37, 0.5816326530612245, 0.35353535353535354, 0.29, 0.29, 0.73, 0.35, 0.59, 0.52, 0.29, 0.6666666666666666, 0.32, 0.5204081632653061, 0.48484848484848486, 0.5252525252525253, 0.48, 0.47, 0.42, 0.59, 0.42, 0.67, 0.53, 0.37, 0.35, 0.35714285714285715, 0.2, 0.72, 0.30612244897959184, 0.62, 0.73, 0.7, 0.5151515151515151, 0.32, 0.31, 0.30303030303030304, 0.44, 0.61, 0.35, 0.64, 0.3939393939393939, 0.32, 0.56, 0.28, 0.54, 0.42, 0.38, 0.5050505050505051, 0.46, 0.46, 0.22, 0.66, 0.74, 0.35, 0.42, 0.64, 0.51, 0.3, 0.44, 0.32, 0.69, 0.59, 0.37, 0.41, 0.74, 0.67, 0.71, 0.64, 0.51, 0.31, 0.63, 0.57, 0.6, 0.6262626262626263, 0.32, 0.52, 0.61, 0.3939393939393939, 0.74, 0.31, 0.71, 0.29, 0.5, 0.43434343434343436, 0.33, 0.7, 0.19387755102040816, 0.42, 0.26, 0.61, 0.31, 0.54, 0.3434343434343434, 0.37755102040816324, 0.49, 0.31, 0.4387755102040816, 0.37, 0.77, 0.65, 0.58, 0.4897959183673469, 0.29292929292929293, 0.6060606060606061, 0.3838383838383838, 0.35714285714285715, 0.61, 0.64, 0.64, 0.6, 0.47, 0.73, 0.42424242424242425, 0.6224489795918368, 0.31, 0.41, 0.65, 0.64, 0.52, 0.3469387755102041, 0.29, 0.59, 0.46938775510204084, 0.71, 0.76, 0.48484848484848486, 0.71, 0.24, 0.72, 0.65, 0.61, 0.5757575757575758, 0.68, 0.38, 0.35, 0.5959595959595959, 0.19387755102040816, 0.6262626262626263, 0.58, 0.35353535353535354, 0.4, 0.71, 0.31, 0.48, 0.46938775510204084, 0.74, 0.37, 0.63, 0.23, 0.31, 0.5, 0.42, 0.43, 0.46, 0.43434343434343436, 0.58, 0.58, 0.33, 0.34, 0.26, 0.2, 0.4387755102040816, 0.8061224489795918, 0.48484848484848486, 0.63, 0.5959595959595959, 0.53, 0.4, 0.5252525252525253, 0.64, 0.39, 0.5510204081632653, 0.5714285714285714, 0.6326530612244898, 0.61, 0.54, 0.56, 0.42, 0.6, 0.5353535353535354, 0.44, 0.71, 0.43, 0.36363636363636365, 0.25510204081632654, 0.6464646464646465, 0.4489795918367347, 0.43434343434343436, 0.57, 0.29, 0.5858585858585859, 0.46464646464646464, 0.61, 0.40816326530612246, 0.28, 0.39, 0.2755102040816326, 0.45454545454545453, 0.4, 0.69, 0.28, 0.4444444444444444, 0.28, 0.52, 0.58, 0.3, 0.6060606060606061, 0.67, 0.38, 0.52, 0.29292929292929293, 0.48, 0.2, 0.5102040816326531, 0.57, 0.67, 0.64, 0.22, 0.38, 0.48, 0.4897959183673469, 0.29292929292929293, 0.6868686868686869, 0.45454545454545453, 0.32, 0.5959595959595959, 0.61, 0.42424242424242425, 0.37, 0.6326530612244898, 0.57, 0.42857142857142855, 0.41, 0.39, 0.67, 0.5, 0.48, 0.64, 0.45454545454545453, 0.19, 0.47474747474747475, 0.46464646464646464, 0.48, 0.43, 0.6666666666666666, 0.78, 0.24489795918367346, 0.69, 0.6326530612244898, 0.59, 0.42424242424242425, 0.73, 0.31, 0.494949494949495, 0.49, 0.45, 0.4489795918367347, 0.41414141414141414, 0.4444444444444444, 0.36, 0.56, 0.35, 0.5714285714285714, 0.2, 0.58, 0.2, 0.4897959183673469, 0.23, 0.56, 0.43, 0.35, 0.31313131313131315, 0.6060606060606061, 0.6, 0.35],