{"mean_original": 0.32892726775559517, "mean_result": 0.006390190179323933, "originals": [0.006042703054845333, 0.004851713310927153, 0.9998210072517395, 0.18736574053764343, 0.061821356415748596, 0.00031455044518224895, 0.9991124272346497, 0.0004269779019523412, 0.9997594952583313, 0.9311298131942749, 0.9996570348739624, 0.9998210072517395, 0.0025241661351174116, 0.8688435554504395, 0.000169832055689767, 0.9997298121452332, 0.0004986727726645768, 0.00020335910085123032, 0.013934623450040817, 0.00032272961107082665, 0.0002881967811845243, 0.0002090079797198996, 0.5257362723350525, 0.39768126606941223, 0.0001814992428990081, 0.8310683965682983, 0.00017520948313176632, 0.022981368005275726, 0.012157038785517216, 0.000989199965260923], "results": [0.00018065802578348666, 0.0001785484200809151, 0.010517696850001812, 0.11393123865127563, 0.00017942393606062979, 0.00017069934983737767, 0.000172216328792274, 0.00016959791537374258, 0.040584031492471695, 0.00017582853615749627, 0.00017269155068788677, 0.0001749035291140899, 0.0001734819234116003, 0.0007835893193259835, 0.00016975468315649778, 0.0004066680558025837, 0.00019499470363371074, 0.00016747441259212792, 0.0043586683459579945, 0.0001852849090937525, 0.0002392357273492962, 0.0001689484342932701, 0.000255747843766585, 0.0004557694774121046, 0.00017011829186230898, 0.016554269939661026, 0.00016794218390714377, 0.0002695451839827001, 0.00020555219089146703, 0.00017112516798079014], "original_crits": [0.006042703054845333, 0.004851713310927153, 0.9998210072517395, 0.18736574053764343, 0.061821356415748596, 0.00031455044518224895, 0.9991124272346497, 0.0004269779019523412, 0.9997594952583313, 0.9311298131942749, 0.9996570348739624, 0.9998210072517395, 0.0025241661351174116, 0.8688435554504395, 0.000169832055689767, 0.9997298121452332, 0.0004986727726645768, 0.00020335910085123032, 0.013934623450040817, 0.00032272961107082665, 0.0002881967811845243, 0.0002090079797198996, 0.5257362723350525, 0.39768126606941223, 0.0001814992428990081, 0.8310683965682983, 0.00017520948313176632, 0.022981368005275726, 0.012157038785517216, 0.000989199965260923], "result_crits": [0.00018065802578348666, 0.0001785484200809151, 0.010517696850001812, 0.11393123865127563, 0.00017942393606062979, 0.00017069934983737767, 0.000172216328792274, 0.00016959791537374258, 0.040584031492471695, 0.00017582853615749627, 0.00017269155068788677, 0.0001749035291140899, 0.0001734819234116003, 0.0007835893193259835, 0.00016975468315649778, 0.0004066680558025837, 0.00019499470363371074, 0.00016747441259212792, 0.0043586683459579945, 0.0001852849090937525, 0.0002392357273492962, 0.0001689484342932701, 0.000255747843766585, 0.0004557694774121046, 0.00017011829186230898, 0.016554269939661026, 0.00016794218390714377, 0.0002695451839827001, 0.00020555219089146703, 0.00017112516798079014]}