{"mean_original": 0.2933188210086276, "mean_result": 0.08282483643949187, "originals": [0.14775265753269196, 0.006443088874220848, 0.22687868773937225, 0.629098117351532, 0.018455544486641884, 0.8090600967407227, 0.6767587065696716, 0.1862768679857254, 0.01426856778562069, 0.029390724375844002, 0.7261030673980713, 0.6648667454719543, 0.02764548733830452, 0.9940496683120728, 0.001347832614555955, 0.000750745995901525, 0.05264802277088165, 0.0003223916282877326, 0.2188541144132614, 0.4018491506576538, 0.0026106841396540403, 0.0014585729222744703, 0.2905094027519226, 0.07719465345144272, 0.1089026927947998, 0.9616464972496033, 0.4086732566356659, 0.2715991139411926, 0.5810722708702087, 0.2630771994590759], "results": [0.014039118774235249, 0.0008619455038569868, 0.04818617179989815, 0.2927178740501404, 0.001876765163615346, 0.0018584085628390312, 0.4934128224849701, 0.000861326465383172, 0.005776945501565933, 0.03423931077122688, 0.4237542152404785, 0.10533283650875092, 0.002421076176688075, 0.4496663510799408, 0.00040626878035254776, 0.001952004269696772, 0.034473080188035965, 0.0002502361312508583, 0.06833196431398392, 0.006689824629575014, 0.0016525860410183668, 0.0005261577316559851, 0.3232831656932831, 0.1313932240009308, 0.017045436426997185, 0.0060282316990196705, 0.00031012939871288836, 0.00026015445473603904, 0.0039634788408875465, 0.013173982501029968], "original_crits": [0.14775265753269196, 0.006443088874220848, 0.22687868773937225, 0.629098117351532, 0.018455544486641884, 0.8090600967407227, 0.6767587065696716, 0.1862768679857254, 0.01426856778562069, 0.029390724375844002, 0.7261030673980713, 0.6648667454719543, 0.02764548733830452, 0.9940496683120728, 0.001347832614555955, 0.000750745995901525, 0.05264802277088165, 0.0003223916282877326, 0.2188541144132614, 0.4018491506576538, 0.0026106841396540403, 0.0014585729222744703, 0.2905094027519226, 0.07719465345144272, 0.1089026927947998, 0.9616464972496033, 0.4086732566356659, 0.2715991139411926, 0.5810722708702087, 0.2630771994590759], "result_crits": [0.014039118774235249, 0.0008619455038569868, 0.04818617179989815, 0.2927178740501404, 0.001876765163615346, 0.0018584085628390312, 0.4934128224849701, 0.000861326465383172, 0.005776945501565933, 0.03423931077122688, 0.4237542152404785, 0.10533283650875092, 0.002421076176688075, 0.4496663510799408, 0.00040626878035254776, 0.001952004269696772, 0.034473080188035965, 0.0002502361312508583, 0.06833196431398392, 0.006689824629575014, 0.0016525860410183668, 0.0005261577316559851, 0.3232831656932831, 0.1313932240009308, 0.017045436426997185, 0.0060282316990196705, 0.00031012939871288836, 0.00026015445473603904, 0.0039634788408875465, 0.013173982501029968]}