{"mean_original": 0.3303390891679252, "mean_result": 0.01506337884105354, "originals": [0.006042703054845333, 0.004851713310927153, 0.9998210072517395, 0.18736574053764343, 0.061821356415748596, 0.00034529465483501554, 0.9991124272346497, 0.0011411583982408047, 0.9997498393058777, 0.9311298131942749, 0.99932861328125, 0.9998213648796082, 0.0025241661351174116, 0.8688435554504395, 0.00016875007713679224, 0.9997298121452332, 0.0004986727726645768, 0.00020335910085123032, 0.018760498613119125, 0.004192281048744917, 0.0031574175227433443, 0.00021881608699914068, 0.5257362723350525, 0.39768126606941223, 0.0001814992428990081, 0.8310683965682983, 0.00016833015251904726, 0.022981368005275726, 0.038954123854637146, 0.00457305833697319], "results": [0.00017268018564209342, 0.00018036682740785182, 0.00038520831731148064, 0.005594480782747269, 0.00017557255341671407, 0.00026480102678760886, 0.001113184611313045, 0.00016906042583286762, 0.0015593324787914753, 0.00025289435870945454, 0.00018825852021109313, 0.00023009850701782852, 0.0001733119715936482, 0.00027803838020190597, 0.00016830526874400675, 0.3491310477256775, 0.0001952173770405352, 0.00016720987332519144, 0.0022474098950624466, 0.00020845909602940083, 0.0003190317074768245, 0.00019782567687798291, 0.0003227194247301668, 0.0005285962834022939, 0.00016831699758768082, 0.08451554924249649, 0.0001670913043199107, 0.0016386728966608644, 0.0008866910939104855, 0.00030193242128007114], "original_crits": [0.006042703054845333, 0.004851713310927153, 0.9998210072517395, 0.18736574053764343, 0.061821356415748596, 0.00034529465483501554, 0.9991124272346497, 0.0011411583982408047, 0.9997498393058777, 0.9311298131942749, 0.99932861328125, 0.9998213648796082, 0.0025241661351174116, 0.8688435554504395, 0.00016875007713679224, 0.9997298121452332, 0.0004986727726645768, 0.00020335910085123032, 0.018760498613119125, 0.004192281048744917, 0.0031574175227433443, 0.00021881608699914068, 0.5257362723350525, 0.39768126606941223, 0.0001814992428990081, 0.8310683965682983, 0.00016833015251904726, 0.022981368005275726, 0.038954123854637146, 0.00457305833697319], "result_crits": [0.00017268018564209342, 0.00018036682740785182, 0.00038520831731148064, 0.005594480782747269, 0.00017557255341671407, 0.00026480102678760886, 0.001113184611313045, 0.00016906042583286762, 0.0015593324787914753, 0.00025289435870945454, 0.00018825852021109313, 0.00023009850701782852, 0.0001733119715936482, 0.00027803838020190597, 0.00016830526874400675, 0.3491310477256775, 0.0001952173770405352, 0.00016720987332519144, 0.0022474098950624466, 0.00020845909602940083, 0.0003190317074768245, 0.00019782567687798291, 0.0003227194247301668, 0.0005285962834022939, 0.00016831699758768082, 0.08451554924249649, 0.0001670913043199107, 0.0016386728966608644, 0.0008866910939104855, 0.00030193242128007114]}