{"mean_original": 0.21073246136608456, "mean_result": 0.005218564961493636, "originals": [0.01017309632152319, 0.07971776276826859, 0.00018143418128602207, 0.013811715878546238, 0.3200870454311371, 0.0005512685747817159, 0.006546672899276018, 0.0012269251747056842, 0.37212687730789185, 0.0008172302041202784, 0.33979901671409607, 0.00241384981200099, 0.12296470999717712, 0.999138593673706, 0.00016948410484474152, 0.003581147873774171, 0.004187931306660175, 0.0006766077713109553, 0.016013436019420624, 0.002831460442394018, 0.00039088085759431124, 0.00019914229051209986, 0.0009282203973270953, 0.8447034358978271, 0.45772308111190796, 0.9995346069335938, 0.5997243523597717, 0.9980083107948303, 0.11610497534275055, 0.0076405685395002365], "results": [0.00017699507588986307, 0.0007858939352445304, 0.00018574429850559682, 0.0021911279764026403, 0.0001754915720084682, 0.0001736641424940899, 0.00048257113667204976, 0.0001702326990198344, 0.0001829933316912502, 0.00017313456919509917, 0.012857632711529732, 0.0019473233260214329, 0.0001788469380699098, 0.08025529980659485, 0.00017443519027438015, 0.0007007641834206879, 0.00018549511150922626, 0.00017042482795659453, 0.00018147449009120464, 0.00017449157894589007, 0.0003639910137280822, 0.00017774378648027778, 0.00021450860367622226, 0.0004688406188506633, 0.012837640009820461, 0.00034810195211321115, 0.021297313272953033, 0.00018343617557547987, 0.00018452627409715205, 0.018956810235977173], "original_crits": [0.01017309632152319, 0.07971776276826859, 0.00018143418128602207, 0.013811715878546238, 0.3200870454311371, 0.0005512685747817159, 0.006546672899276018, 0.0012269251747056842, 0.37212687730789185, 0.0008172302041202784, 0.33979901671409607, 0.00241384981200099, 0.12296470999717712, 0.999138593673706, 0.00016948410484474152, 0.003581147873774171, 0.004187931306660175, 0.0006766077713109553, 0.016013436019420624, 0.002831460442394018, 0.00039088085759431124, 0.00019914229051209986, 0.0009282203973270953, 0.8447034358978271, 0.45772308111190796, 0.9995346069335938, 0.5997243523597717, 0.9980083107948303, 0.11610497534275055, 0.0076405685395002365], "result_crits": [0.00017699507588986307, 0.0007858939352445304, 0.00018574429850559682, 0.0021911279764026403, 0.0001754915720084682, 0.0001736641424940899, 0.00048257113667204976, 0.0001702326990198344, 0.0001829933316912502, 0.00017313456919509917, 0.012857632711529732, 0.0019473233260214329, 0.0001788469380699098, 0.08025529980659485, 0.00017443519027438015, 0.0007007641834206879, 0.00018549511150922626, 0.00017042482795659453, 0.00018147449009120464, 0.00017449157894589007, 0.0003639910137280822, 0.00017774378648027778, 0.00021450860367622226, 0.0004688406188506633, 0.012837640009820461, 0.00034810195211321115, 0.021297313272953033, 0.00018343617557547987, 0.00018452627409715205, 0.018956810235977173]}