{"mean_original": 0.21073246136608456, "mean_result": 0.002208730795731147, "originals": [0.01017309632152319, 0.07971776276826859, 0.00018143418128602207, 0.013811715878546238, 0.3200870454311371, 0.0005512685747817159, 0.006546672899276018, 0.0012269251747056842, 0.37212687730789185, 0.0008172302041202784, 0.33979901671409607, 0.00241384981200099, 0.12296470999717712, 0.999138593673706, 0.00016948410484474152, 0.003581147873774171, 0.004187931306660175, 0.0006766077713109553, 0.016013436019420624, 0.002831460442394018, 0.00039088085759431124, 0.00019914229051209986, 0.0009282203973270953, 0.8447034358978271, 0.45772308111190796, 0.9995346069335938, 0.5997243523597717, 0.9980083107948303, 0.11610497534275055, 0.0076405685395002365], "results": [0.00017835342441685498, 0.00017095313523896039, 0.00018418948457110673, 0.00018901305156759918, 0.0013282253639772534, 0.00018016999820247293, 0.00022418495791498572, 0.001275587361305952, 0.00019239180255681276, 0.0001693114172667265, 0.00031654915073886514, 0.00020749792747665197, 0.000241804780671373, 0.0557338148355484, 0.00017089949687942863, 0.0005443607806228101, 0.00017360702622681856, 0.00017190052312798798, 0.00019534716557245702, 0.000179513415787369, 0.0002471590705681592, 0.0002607914502732456, 0.00020473674521781504, 0.00017442405805923045, 0.00023003952810540795, 0.0005497932434082031, 0.0005989831988699734, 0.0002492565254215151, 0.00019191746832802892, 0.0015271474840119481], "original_crits": [0.01017309632152319, 0.07971776276826859, 0.00018143418128602207, 0.013811715878546238, 0.3200870454311371, 0.0005512685747817159, 0.006546672899276018, 0.0012269251747056842, 0.37212687730789185, 0.0008172302041202784, 0.33979901671409607, 0.00241384981200099, 0.12296470999717712, 0.999138593673706, 0.00016948410484474152, 0.003581147873774171, 0.004187931306660175, 0.0006766077713109553, 0.016013436019420624, 0.002831460442394018, 0.00039088085759431124, 0.00019914229051209986, 0.0009282203973270953, 0.8447034358978271, 0.45772308111190796, 0.9995346069335938, 0.5997243523597717, 0.9980083107948303, 0.11610497534275055, 0.0076405685395002365], "result_crits": [0.00017835342441685498, 0.00017095313523896039, 0.00018418948457110673, 0.00018901305156759918, 0.0013282253639772534, 0.00018016999820247293, 0.00022418495791498572, 0.001275587361305952, 0.00019239180255681276, 0.0001693114172667265, 0.00031654915073886514, 0.00020749792747665197, 0.000241804780671373, 0.0557338148355484, 0.00017089949687942863, 0.0005443607806228101, 0.00017360702622681856, 0.00017190052312798798, 0.00019534716557245702, 0.000179513415787369, 0.0002471590705681592, 0.0002607914502732456, 0.00020473674521781504, 0.00017442405805923045, 0.00023003952810540795, 0.0005497932434082031, 0.0005989831988699734, 0.0002492565254215151, 0.00019191746832802892, 0.0015271474840119481]}