{"original": "Botkin, M. P. (Ed.). (1997).    \n2. Karpenko, O. M. (Ed.). (1964). \n3. Andreeva, V. V., Astafieva, M. V., Goldstein, S. N., & Priymak, N. L. (Eds.). (1987). \n\n- \"\u041f\u043e\u043b\u0435\u043d\u043e\u0432 \u0412\u0430\u0441\u0438\u043b\u0438\u0439 \u0414\u043c\u0438\u0442\u0440\u0438\u0435\u0432\u0438\u0447 \u2014 \u0417\u0430\u0440\u043e\u0441\u0448\u0438\u0439 \u043f\u0440\u0443\u0434, 1879\" [Vasily Dmitrievich Polenov \u2014 Overgrown Pond, 1879]. www.art-catalog.ru. Archived from the original on October 22, 2019. Retrieved November 28, 2020.\n  \n- \"\u0412\u0430\u0441\u0438\u043b\u0438\u0439 \u0414\u043c\u0438\u0442\u0440\u0438\u0435\u0432\u0438\u0447 \u041f\u043e\u043b\u0435\u043d\u043e\u0432 \u2014 \u0417\u0430\u0440\u043e\u0441\u0448\u0438\u0439 \u043f\u0440\u0443\u0434 (1879)\" [Vasily Dmitrievich P", "sampled": "</s>Botkin, M. P. (Ed.). (1997).    \n2. Karpenko, O. M. (Ed.). (1964). \n3. Andreeva, V. V., Astafieva, M. V., Goldstein, S. N., & Priymak, N. L. (Eds.). (1987). \n\n- \"\u041f\u043e\u043b\u0435\u043d\u043e\u0432 \u0412\u0430\u0441\u0438\u043b\u0438\u0439 \u0414\u043c\u0438\u0442\u0440\u0438\u0435\u0432\u0438\u0447 \u2014 \u0417\u0430\u0440\u043e\u0441\u0448\u0438\u0439 \u043f\u0440\u0443\u0434, 1879\" [Vasily Dmitrievich Polenov \u2014 Overgrown Pond, 1879]. www.art-catalog.ru. Archived from</s> those</s> intrinsic</s> as October 22, 2019. Retrieved November 28, 2020.\n  \n- \"\u0412\u0430\u0441\u0438\u043b\u0438\u0439</s> Vasilyan\ufffd\u043c\u0438\u0442\u0440\u0438\u0435\u0432\u0438\u0447 \u041f\u043e\u043b\u0435\u043d\u043e\u0432 \u2014</s> Brush\ufffd\u0430\u0440\u043e\u0441\u0448\u0438\u0439</s> Vasilson\ufffd\u0440\u0443\u0434 (1879)\" [Vasily</s> Vasirievich P", "replacement_keys": [165, 193, 238, 75, 225, 164, 71, 166, 214], "original_crit": -0.8548040390014648, "sampled_crit": -1.3227713108062744, "original_llm_likelihood": 0.76, "sampled_llm_likelihood": 0.5959595959595959}