{"mean_original": 0.524780728200371, "mean_result": 0.3124180262545506, "originals": [0.34, 0.6, 0.38, 0.54, 0.42, 0.4, 0.62, 0.5858585858585859, 0.64, 0.58, 0.62, 0.63, 0.47, 0.52, 0.61, 0.5, 0.66, 0.63, 0.62, 0.3, 0.7373737373737373, 0.46464646464646464, 0.72, 0.43, 0.7142857142857143, 0.6326530612244898, 0.34, 0.59, 0.69, 0.6363636363636364, 0.5612244897959183, 0.6224489795918368, 0.69, 0.54, 0.5151515151515151, 0.3, 0.5151515151515151, 0.54, 0.66, 0.5959595959595959, 0.43434343434343436, 0.56, 0.56, 0.31313131313131315, 0.43, 0.6767676767676768, 0.43, 0.7, 0.7, 0.44, 0.54, 0.62, 0.4897959183673469, 0.49, 0.47474747474747475, 0.56, 0.66, 0.30303030303030304, 0.62, 0.43434343434343436, 0.42, 0.5, 0.29, 0.31313131313131315, 0.7, 0.5959595959595959, 0.73, 0.4897959183673469, 0.47, 0.46938775510204084, 0.6224489795918368, 0.43, 0.58, 0.3838383838383838, 0.30303030303030304, 0.7, 0.45, 0.21, 0.5151515151515151, 0.5, 0.6666666666666666, 0.34, 0.6565656565656566, 0.54, 0.5918367346938775, 0.27, 0.5050505050505051, 0.49, 0.43, 0.45, 0.47, 0.31, 0.48, 0.31, 0.71, 0.5151515151515151, 0.57, 0.6020408163265306, 0.23232323232323232, 0.31313131313131315, 0.27, 0.45, 0.56, 0.59, 0.56, 0.3333333333333333, 0.32, 0.4897959183673469, 0.42424242424242425, 0.56, 0.56, 0.54, 0.54, 0.63, 0.48, 0.56, 0.5555555555555556, 0.42, 0.54, 0.6060606060606061, 0.6767676767676768, 0.5252525252525253, 0.58, 0.3, 0.38, 0.5102040816326531, 0.4489795918367347, 0.47, 0.67, 0.77, 0.52, 0.67, 0.52, 0.7, 0.6060606060606061, 0.4, 0.47474747474747475, 0.42857142857142855, 0.7676767676767676, 0.63, 0.76, 0.45, 0.5204081632653061, 0.74, 0.7272727272727273, 0.4444444444444444, 0.4, 0.66, 0.67, 0.72, 0.43, 0.31, 0.4, 0.49, 0.44, 0.69, 0.54, 0.39, 0.3939393939393939, 0.73, 0.39, 0.7142857142857143, 0.49, 0.32, 0.28, 0.5050505050505051, 0.53, 0.6, 0.3, 0.57, 0.30303030303030304, 0.54, 0.39, 0.5858585858585859, 0.64, 0.36, 0.4387755102040816, 0.7373737373737373, 0.58, 0.63, 0.68, 0.7, 0.49, 0.65, 0.35, 0.52, 0.57, 0.73, 0.44, 0.87, 0.69, 0.45, 0.6, 0.43, 0.36363636363636365, 0.35, 0.39, 0.6224489795918368, 0.52, 0.55, 0.38, 0.31313131313131315, 0.62, 0.44, 0.67, 0.56, 0.23232323232323232, 0.64, 0.42424242424242425, 0.5353535353535354, 0.5, 0.64, 0.54, 0.67, 0.4444444444444444, 0.75, 0.58, 0.56, 0.44, 0.38, 0.36363636363636365, 0.56, 0.44, 0.71, 0.58, 0.5, 0.67, 0.38, 0.4, 0.7, 0.49, 0.4, 0.7, 0.7, 0.42, 0.30303030303030304, 0.37, 0.32, 0.3877551020408163, 0.5, 0.696969696969697, 0.74, 0.6, 0.42424242424242425, 0.68, 0.43, 0.5918367346938775, 0.5151515151515151, 0.52, 0.48484848484848486, 0.77, 0.494949494949495, 0.68, 0.6326530612244898, 0.54, 0.7040816326530612, 0.64, 0.37, 0.5816326530612245, 0.3979591836734694, 0.52, 0.49, 0.45454545454545453, 0.28, 0.42, 0.41, 0.87, 0.53, 0.5959595959595959, 0.75, 0.4, 0.65, 0.48484848484848486, 0.6, 0.46, 0.42857142857142855, 0.31, 0.4444444444444444, 0.25, 0.39, 0.3645833333333333, 0.56, 0.3434343434343434, 0.41, 0.55, 0.71, 0.7, 0.62, 0.797979797979798, 0.31, 0.57, 0.63, 0.46, 0.6, 0.61, 0.5050505050505051, 0.68, 0.69, 0.61, 0.73], "results": [0.21, 0.26, 0.20408163265306123, 0.3, 0.24489795918367346, 0.22448979591836735, 0.42, 0.33, 0.4387755102040816, 0.28, 0.43, 0.41, 0.34, 0.27, 0.33, 0.42, 0.31, 0.29, 0.39, 0.24242424242424243, 0.38, 0.24, 0.3939393939393939, 0.38, 0.3434343434343434, 0.41, 0.1919191919191919, 0.31, 0.26262626262626265, 0.22, 0.28, 0.43, 0.33, 0.31, 0.30303030303030304, 0.24242424242424243, 0.21428571428571427, 0.27, 0.25, 0.43, 0.28, 0.32, 0.15, 0.19387755102040816, 0.22, 0.32, 0.23, 0.4, 0.47, 0.20408163265306123, 0.3333333333333333, 0.35353535353535354, 0.31, 0.42, 0.2, 0.21, 0.36363636363636365, 0.22448979591836735, 0.34, 0.2857142857142857, 0.24, 0.32, 0.24242424242424243, 0.22448979591836735, 0.36, 0.33, 0.39, 0.3163265306122449, 0.25, 0.28, 0.336734693877551, 0.25510204081632654, 0.25, 0.2, 0.2222222222222222, 0.41, 0.23, 0.2222222222222222, 0.47, 0.27, 0.41, 0.19387755102040816, 0.43, 0.32323232323232326, 0.33, 0.21, 0.36363636363636365, 0.3, 0.2857142857142857, 0.15306122448979592, 0.21, 0.17, 0.3877551020408163, 0.21, 0.55, 0.38, 0.35, 0.3939393939393939, 0.23, 0.24, 0.17, 0.23232323232323232, 0.16, 0.31, 0.27, 0.22, 0.21428571428571427, 0.22, 0.20202020202020202, 0.32, 0.29591836734693877, 0.28, 0.28, 0.33, 0.30303030303030304, 0.3333333333333333, 0.29, 0.28, 0.43, 0.38, 0.33, 0.23, 0.24489795918367346, 0.24, 0.18, 0.19387755102040816, 0.24, 0.3333333333333333, 0.54, 0.43434343434343436, 0.3434343434343434, 0.57, 0.3, 0.33, 0.2727272727272727, 0.2, 0.18, 0.21649484536082475, 0.3, 0.29, 0.5959595959595959, 0.35714285714285715, 0.19, 0.29, 0.3469387755102041, 0.31313131313131315, 0.29292929292929293, 0.27, 0.42424242424242425, 0.40816326530612246, 0.24, 0.18, 0.29292929292929293, 0.42424242424242425, 0.31, 0.35, 0.46464646464646464, 0.2, 0.15306122448979592, 0.5306122448979592, 0.22, 0.31, 0.41, 0.24, 0.15306122448979592, 0.43, 0.31, 0.30303030303030304, 0.1717171717171717, 0.37, 0.20202020202020202, 0.19, 0.31, 0.29, 0.38, 0.32, 0.21428571428571427, 0.32, 0.36, 0.37, 0.4, 0.3939393939393939, 0.18, 0.36, 0.35, 0.19387755102040816, 0.41414141414141414, 0.42, 0.19387755102040816, 0.83, 0.45, 0.31313131313131315, 0.31, 0.20408163265306123, 0.21, 0.21, 0.25510204081632654, 0.38, 0.31, 0.32653061224489793, 0.26, 0.15306122448979592, 0.27, 0.31, 0.43, 0.3939393939393939, 0.15306122448979592, 0.42, 0.32653061224489793, 0.39, 0.24, 0.28, 0.42, 0.68, 0.2755102040816326, 0.494949494949495, 0.3939393939393939, 0.30303030303030304, 0.16, 0.28, 0.21, 0.2222222222222222, 0.23, 0.34, 0.30303030303030304, 0.21, 0.26262626262626265, 0.31313131313131315, 0.25510204081632654, 0.51, 0.39, 0.25510204081632654, 0.32, 0.42424242424242425, 0.25, 0.2, 0.20202020202020202, 0.22, 0.2, 0.35, 0.30303030303030304, 0.67, 0.5151515151515151, 0.28, 0.4444444444444444, 0.31, 0.37, 0.35, 0.3333333333333333, 0.30612244897959184, 0.6060606060606061, 0.24, 0.2755102040816326, 0.28, 0.31, 0.49, 0.35, 0.19387755102040816, 0.29292929292929293, 0.21, 0.3, 0.30612244897959184, 0.29292929292929293, 0.2, 0.30303030303030304, 0.22, 0.78, 0.3, 0.30303030303030304, 0.4387755102040816, 0.23, 0.4, 0.31313131313131315, 0.29591836734693877, 0.2828282828282828, 0.24, 0.25252525252525254, 0.24242424242424243, 0.23711340206185566, 0.23232323232323232, 0.2, 0.32, 0.21, 0.47474747474747475, 0.33, 0.36363636363636365, 0.37, 0.56, 0.7, 0.2222222222222222, 0.28, 0.29, 0.31, 0.2727272727272727, 0.29292929292929293, 0.43434343434343436, 0.48, 0.25, 0.34, 0.41414141414141414],