{"mean_original": 0.21073246136608456, "mean_result": 0.0026087764888264547, "originals": [0.01017309632152319, 0.07971776276826859, 0.00018143418128602207, 0.013811715878546238, 0.3200870454311371, 0.0005512685747817159, 0.006546672899276018, 0.0012269251747056842, 0.37212687730789185, 0.0008172302041202784, 0.33979901671409607, 0.00241384981200099, 0.12296470999717712, 0.999138593673706, 0.00016948410484474152, 0.003581147873774171, 0.004187931306660175, 0.0006766077713109553, 0.016013436019420624, 0.002831460442394018, 0.00039088085759431124, 0.00019914229051209986, 0.0009282203973270953, 0.8447034358978271, 0.45772308111190796, 0.9995346069335938, 0.5997243523597717, 0.9980083107948303, 0.11610497534275055, 0.0076405685395002365], "results": [0.00019741812138818204, 0.003805764950811863, 0.00018306226411368698, 0.0002661883772816509, 0.0002043371496256441, 0.0001730367075651884, 0.00016989719006232917, 0.0004615994985215366, 0.00017029371520038694, 0.00018086573982145637, 0.00019766298646572977, 0.0010337948333472013, 0.00016974480240605772, 0.017783721908926964, 0.00020507199224084616, 0.04857480898499489, 0.00017178845882881433, 0.00018923233437817544, 0.0001967800926649943, 0.00017046951688826084, 0.0001849634718382731, 0.00017419052892364562, 0.00016942368529271334, 0.0001748961949488148, 0.00029162492137402296, 0.00047768649528734386, 0.000728459213860333, 0.00020537392992991954, 0.0001727081835269928, 0.0011784284142777324], "original_crits": [0.01017309632152319, 0.07971776276826859, 0.00018143418128602207, 0.013811715878546238, 0.3200870454311371, 0.0005512685747817159, 0.006546672899276018, 0.0012269251747056842, 0.37212687730789185, 0.0008172302041202784, 0.33979901671409607, 0.00241384981200099, 0.12296470999717712, 0.999138593673706, 0.00016948410484474152, 0.003581147873774171, 0.004187931306660175, 0.0006766077713109553, 0.016013436019420624, 0.002831460442394018, 0.00039088085759431124, 0.00019914229051209986, 0.0009282203973270953, 0.8447034358978271, 0.45772308111190796, 0.9995346069335938, 0.5997243523597717, 0.9980083107948303, 0.11610497534275055, 0.0076405685395002365], "result_crits": [0.00019741812138818204, 0.003805764950811863, 0.00018306226411368698, 0.0002661883772816509, 0.0002043371496256441, 0.0001730367075651884, 0.00016989719006232917, 0.0004615994985215366, 0.00017029371520038694, 0.00018086573982145637, 0.00019766298646572977, 0.0010337948333472013, 0.00016974480240605772, 0.017783721908926964, 0.00020507199224084616, 0.04857480898499489, 0.00017178845882881433, 0.00018923233437817544, 0.0001967800926649943, 0.00017046951688826084, 0.0001849634718382731, 0.00017419052892364562, 0.00016942368529271334, 0.0001748961949488148, 0.00029162492137402296, 0.00047768649528734386, 0.000728459213860333, 0.00020537392992991954, 0.0001727081835269928, 0.0011784284142777324]}